name;official_name;code2;code3;capital;continental_region;subregion;area;sovereignty;sovereignty_year;government_system;executive_head;life_expectancy;life_expectancy_male;life_expectancy_female;population_2000;population_2010;population_2022;population_2023;gdp_2000;gdp_2010;gdp_2022;gdp_2023
Afghanistan;Islamic Republic of Afghanistan;AF;AFG;1004993580;Asia;Southern Asia;652230;UN member state;1747;Provisional government;Supreme leader;53.65;52.1;54.28;29863000;24485600;41128771;42239854;;15325;14467;
Åland Islands;Åland Islands;AX;ALA;1246614476;Europe;Northern Europe;1580;Finland;;Parliamentary republic;Prime minister;;;;;;;30547;;;;
Albania;Republic of Albania;AL;ALB;1008162156;Europe;Southern Europe;28748;UN member state;1912;Parliamentary republic;Prime minister;79.47;76.8;82.33;3130000;3195000;2842321;2832439;3483;11937;19083;22743
Algeria;People's Democratic Republic of Algeria;DZ;DZA;1012973369;Africa;Northern Africa;2381741;UN member state;1962;Semi-presidential republic;President;78.03;76.57;79.57;32854000;35978000;44903225;45606481;59418;177785;225631;244746
American Samoa;American Samoa;AS;ASM;1016976740;Oceania;Polynesia;199;United States;;Presidential republic;President;75.32;72.83;77.97;65000;;44273;43915;;;;
Andorra;Principality of Andorra;AD;AND;1020828846;Europe;Southern Europe;468;UN member state;1278;Constitutional monarchy;Prime minister;83.42;81.2;85.79;67000;;79824;80088;1429;3446;3376;3726
Angola;Republic of Angola;AO;AGO;1024949724;Africa;Middle Africa;1246700;UN member state;1975;Presidential republic;President;62.11;60.05;64.24;15941000;18992708;35588987;36684203;11166;83799;122826;94381
Anguilla;Anguilla;AI;AIA;1660698387;Americas;Caribbean;91;United Kingdom;;Constitutional monarchy;Prime minister;82.2;79.59;84.89;12000;;15857;15900;;;;
Antarctica;Antarctica;AQ;ATA;;Antarctica;;14000000;;;;;;;;0;0;0;0;;;;
Antigua and Barbuda;Antigua and Barbuda;AG;ATG;1028912067;Americas;Caribbean;442;UN member state;1981;Constitutional monarchy;Prime minister;77.8;75.63;80.08;81000;;93763;94298;826;1149;1758;1954
Argentina;Argentine Republic;AR;ARG;1032717330;Americas;South America;2780400;UN member state;1810;Presidential republic;President;78.31;75.23;81.59;38747000;40518951;45510318;45773884;317759;424729;630662;654892
Armenia;Republic of Armenia;AM;ARM;1051074169;Asia;Western Asia;29743;UN member state;1918;Parliamentary republic;Prime minister;76.13;72.86;79.68;3016000;3249482;2780469;2777971;1912;9260;19514;24155
Aruba;Aruba;AW;ABW;1533513057;Americas;Caribbean;180;Netherlands;;Constitutional monarchy;Prime minister;78.01;74.93;81.15;99000;101484;106445;106277;1873;2454;3545;3937
Australia;Commonwealth of Australia;AU;AUS;1036142029;Oceania;Australia and New Zealand;7692024;UN member state;1942;Constitutional monarchy;Prime minister;83.09;80.93;85.36;20000000;22299800;26177414;26439112;400254;1254773;1724924;1741882
Austria;Republic of Austria;AT;AUT;1040261752;Europe;Western Europe;83871;UN member state;1156;Semi-presidential republic;Chancellor;82.27;79.64;85.04;8189000;8375290;8939617;8958961;197377;392595;471216;519710
Azerbaijan;Republic of Azerbaijan;AZ;AZE;1031946365;Asia;Western Asia;86600;UN member state;1918;Semi-presidential republic;President;74.15;71.08;77.41;8411000;8997586;10358074;10412652;5273;52909;78721;76639
Bahamas;Commonwealth of the Bahamas;BS;BHS;1044318561;Americas;Caribbean;13943;UN member state;1973;Constitutional monarchy;Prime minister;76.13;73.2;79.14;323000;353658;409984;412624;8076;10096;12897;13816
Bahrain;Kingdom of Bahrain;BH;BHR;1048989486;Asia;Western Asia;765;UN member state;1971;Semi-constitutional monarchy;King;79.9;77.63;82.24;727000;1234571;1472233;1485510;9063;25713;44383;44674
Bangladesh;People's Republic of Bangladesh;BD;BGD;1050529279;Asia;Southern Asia;147570;UN member state;1971;Parliamentary republic;Prime minister;74.7;72.52;76.96;130000000;148600000;171186373;172954319;61687;138094;460201;446349
Barbados;Barbados;BB;BRB;1052274244;Americas;Caribbean;430;UN member state;1966;Parliamentary republic;Prime minister;78.55;75.79;81.35;270000;276300;281635;281996;3059;4530;5841;6388
Belarus;Republic of Belarus;BY;BLR;1112348503;Europe;Eastern Europe;207600;UN member state;1991;Presidential republic;President;74.28;68.9;79.97;9749000;9480178;9534955;9498238;10785;57220;72835;71805
Belgium;Kingdom of Belgium;BE;BEL;1056469830;Europe;Western Europe;30528;UN member state;1830;Constitutional monarchy;Prime minister;81.86;79.25;84.59;10495000;10839905;11655930;11686140;236897;481814;583895;630110
Belize;Belize;BZ;BLZ;1084586375;Americas;Central America;22966;UN member state;1981;Constitutional monarchy;Prime minister;75.82;74.23;77.5;270000;312971;405273;410825;1082;1739;2831;3094
Benin;Republic of Benin;BJ;BEN;1204172060;Africa;Western Africa;112622;UN member state;1960;Presidential republic;President;62.21;60.39;64.14;8439000;9211741;13352864;13712828;3522;9543;17439;19398
Bermuda;Bermuda;BM;BMU;1060000000;Americas;Northern America;54;United Kingdom;;Constitutional monarchy;Prime minister;82.04;78.96;85.28;64000;;64184;64069;;;;
Bhutan;Kingdom of Bhutan;BT;BTN;1064010361;Asia;Southern Asia;38394;UN member state;1634;Semi-constitutional monarchy;Prime minister;72.31;71.19;73.49;2163000;695822;782455;787425;454;1511;2869;2897
Bolivia;Plurinational State of Bolivia;BO;BOL;1068823873;Americas;South America;1098581;UN member state;1825;Presidential republic;President;72.5;71.04;74.02;9182000;10426154;12224110;12388571;8385;19786;44315;46473
Bosnia and Herzegovina;Bosnia and Herzegovina;BA;BIH;1070966777;Europe;Southern Europe;51209;UN member state;1992;Parliamentary republic;President;77.98;75.02;81.15;3907000;3844046;3233527;3210848;5554;17164;24535;27216
Botswana;Republic of Botswana;BW;BWA;1072756768;Africa;Southern Africa;582000;UN member state;1966;Parliamentary republic;President;65.64;63.6;67.74;1765000;2029307;2630296;2675353;5682;12637;20352;20445
Bouvet Island;Bouvet Island;BV;BVT;;Antarctica;;49;Norway;;Constitutional monarchy;Prime minister;;;;0;0;0;0;;;;
Brazil;Federative Republic of Brazil;BR;BRA;1076144436;Americas;South America;8515767;UN member state;1822;Presidential republic;President;75.92;72.5;79.5;170000000;193252604;215313498;216422446;655454;2208704;1951849;2173671
British Indian Ocean Territory;British Indian Ocean Territory;IO;IOT;1826645935;Africa;Eastern Africa;60;United Kingdom;;Constitutional monarchy;Prime minister;;;;;;;;;;;
British Virgin Islands;Virgin Islands;VG;VGB;1092732412;Americas;Caribbean;151;United Kingdom;;Constitutional monarchy;Prime minister;79.67;78.17;81.25;22000;;31305;31538;;;;
Brunei;Nation of Brunei, Abode of Peace;BN;BRN;1096465895;Asia;South-eastern Asia;5765;UN member state;1984;Absolute monarchy;Sultan;80.59;78.36;82.79;374000;414400;449002;452524;6650;13707;16682;15128
Bulgaria;Republic of Bulgaria;BG;BGR;1100762037;Europe;Eastern Europe;110879;UN member state;1908;Parliamentary republic;Prime minister;75.57;72.36;78.97;7726000;7563710;6781953;6687717;13246;50690;90422;101611
Burkina Faso;Burkina Faso;BF;BFA;1854029208;Africa;Western Africa;272967;UN member state;1960;Military junta;President;63.44;61.63;65.31;13228000;15730977;22673762;23251485;2961;10118;18906;20382
Burundi;Republic of Burundi;BI;BDI;1108778000;Africa;Eastern Africa;27834;UN member state;1962;Presidential republic;President;67.42;65.32;69.59;7548000;8518862;12889577;13238559;870;2032;3917;4216
Cambodia;Kingdom of Cambodia;KH;KHM;1116260534;Asia;South-eastern Asia;181035;UN member state;1963;Constitutional monarchy;Prime minister;73.75;71.41;76.15;14071000;14302779;16767842;16944826;3707;13796;39063;41855
Cameroon;Republic of Cameroon;CM;CMR;1120298240;Africa;Middle Africa;475442;UN member state;1960;Presidential republic;President;70.65;68.79;72.59;16322000;19958352;27914537;28647293;10245;27530;44508;48958
Canada;Canada;CA;CAN;1124399363;Americas;Northern America;9984670;UN member state;1931;Constitutional monarchy;Prime minister;63.27;61.49;65.09;31689000;34108752;38454327;38781292;744631;1617345;2161483;2140086
Cape Verde;Republic of Cabo Verde;CV;CPV;1132398770;Africa;Western Africa;4033;UN member state;1975;Semi-presidential republic;Prime minister;83.8;81.52;86.21;507000;512582;593150;598682;609;1825;2246;2520
Caribbean Netherlands;Bonaire, Sint Eustatius and Saba;BQ;BES;1528693863;Americas;Caribbean;328;Netherlands;;Constitutional monarchy;Prime minister;;;;;;27027;27148;;;;
Cayman Islands;Cayman Islands;KY;CYM;1136159124;Americas;Caribbean;264;United Kingdom;;Constitutional monarchy;Prime minister;82.04;79.35;84.79;45000;;68706;69310;;;;
Central African Republic;Central African Republic;CF;CAF;1140080881;Africa;Middle Africa;622984;UN member state;1960;Presidential republic;President;55.52;54.19;56.88;4038000;4505945;5579144;5742316;868;2141;2459;2632
Chad;Republic of Chad;TD;TCD;1148708596;Africa;Middle Africa;1284000;UN member state;1960;Military junta;President;59.15;57.32;61.06;9755000;11714904;17723315;18278568;2142;14289;16417;17493
Chile;Republic of Chile;CL;CHL;1152554349;Americas;South America;756102;UN member state;1818;Presidential republic;President;79.79;76.8;82.92;16295000;17094270;19603733;19629590;78250;217105;302160;335658
China;People's Republic of China;CN;CHN;1156228865;Asia;Eastern Asia;9706961;UN member state;-1600;One-party state;Party secretary;77.72;75.0;80.7;1242000000;1339724852;1425887337;1425671352;1205532;6033830;17848540;17662041
Christmas Island;Territory of Christmas Island;CX;CXR;1162889600;Oceania;Australia and New Zealand;135;Australia;;Constitutional monarchy;Prime minister;;;;;;1692;;;;;
Cocos (Keeling) Islands;Territory of the Cocos (Keeling) Islands;CC;CCK;;Oceania;Australia and New Zealand;14;Australia;;Constitutional monarchy;Prime minister;;;;;;593;;;;;
Colombia;Republic of Colombia;CO;COL;1170483426;Americas;South America;1141748;UN member state;1810;Presidential republic;President;74.89;71.27;78.69;40800000;45508205;51874024;52085168;99270;286498;345330;363616
Comoros;Union of the Comoros;KM;COM;1174793581;Africa;Eastern Africa;1862;UN member state;1975;Presidential republic;President;67.2;64.93;69.54;636000;675000;836774;852075;339;909;1225;1340
Cook Islands;Cook Islands;CK;COK;1184217570;Oceania;Polynesia;236;New Zealand;1965;Constitutional monarchy;Prime minister;77.14;74.32;80.11;18000;;17011;17044;;;;
Costa Rica;Republic of Costa Rica;CR;CRI;1188749877;Americas;Central America;51100;UN member state;1938;Presidential republic;President;79.64;76.99;82.43;4327000;4563539;5180829;5212173;15016;37656;69235;86509
Côte d'Ivoire;Republic of Côte d'Ivoire;CI;CIV;1384683557;Africa;Western Africa;322463;UN member state;1960;Presidential republic;President;62.26;60.07;64.52;18154000;21570746;28160543;28873034;14851;34431;72046;79978
Croatia;Republic of Croatia;HR;HRV;1191233290;Europe;Southern Europe;56594;UN member state;1991;Parliamentary republic;Prime minister;77.22;74.1;80.53;4551000;4425747;4030358;4008617;22138;58869;71657;82044
Cuba;Republic of Cuba;CU;CUB;1192752771;Americas;Caribbean;109884;UN member state;1902;One-party state;Party secretary;79.64;77.29;82.14;11269000;11241161;11212191;11194449;;;;
Curaçao;Country of Curaçao;CW;CUW;1531000000;Americas;Caribbean;444;Netherlands;;Constitutional monarchy;Prime minister;79.42;77.09;81.87;;142180;191164;192077;;;;
Cyprus;Republic of Cyprus;CY;CYP;1196944155;Europe;Southern Europe;9251;UN member state;1960;Presidential republic;President;79.74;76.93;82.68;835000;1102677;1251489;1260138;9988;25821;29274;32185
Czechia;Czech Republic;CZ;CZE;1203744823;Europe;Eastern Europe;78865;UN member state;870;Parliamentary republic;Prime minister;79.73;76.8;82.82;10220000;10506813;10493986;10495295;61823;209070;290566;332025
Democratic Republic of the Congo;Democratic Republic of the Congo;CD;COD;1180000363;Africa;Middle Africa;2344858;UN member state;1960;Semi-presidential republic;President;61.83;60.03;63.69;57549000;67827496;99010212;102262809;19077;22340;65927;67268
Denmark;Kingdom of Denmark;DK;DNK;1208763942;Europe;Northern Europe;43094;UN member state;714;Constitutional monarchy;Prime minister;81.66;79.74;83.71;5431000;5534738;5882262;5910913;164158;321995;400167;405199
Djibouti;Republic of Djibouti;DJ;DJI;1262028958;Africa;Eastern Africa;23200;UN member state;1977;Presidential republic;President;65.3;62.72;67.96;793000;879053;1120849;1136455;781;1544;3726;4023
Dominica;Commonwealth of Dominica;DM;DMA;1212060440;Americas;Caribbean;751;UN member state;1978;Parliamentary republic;Prime minister;78.21;75.25;81.31;79000;;72738;73040;333;494;607;658
Dominican Republic;Dominican Republic;DO;DOM;1214636202;Americas;Caribbean;48671;UN member state;1844;Presidential republic;President;72.56;70.86;74.33;8895000;9884371;11228821;11332973;24306;53921;113873;119966
Ecuador;Republic of Ecuador;EC;ECU;1218441993;Americas;South America;276841;UN member state;1830;Presidential republic;President;78.0;75.06;81.1;13228000;14483499;18001000;18190484;17531;68151;116586;120175
Egypt;Arab Republic of Egypt;EG;EGY;1818253931;Africa;Northern Africa;1002450;UN member state;1922;Semi-presidential republic;President;74.45;73.26;75.72;74033000;78728000;110990103;112716599;104752;230024;475231;393909
El Salvador;Republic of El Salvador;SV;SLV;1222647454;Americas;Central America;21041;UN member state;1898;Presidential republic;President;75.37;71.88;79.04;6881000;6194126;6336392;6364943;11785;18448;31989;34016
Equatorial Guinea;Republic of Equatorial Guinea;GQ;GNQ;1226861333;Africa;Middle Africa;28051;UN member state;1968;Presidential republic;President;63.7;61.44;66.03;504000;1313000;1674908;1714672;1159;16314;11767;10284
Eritrea;State of Eritrea;ER;ERI;1232791236;Africa;Eastern Africa;117600;UN member state;1993;One-party state;President;66.85;64.25;69.53;4401000;5223994;3684032;3748902;547;1590;;
Estonia;Republic of Estonia;EE;EST;1233260021;Europe;Northern Europe;45227;UN member state;1918;Parliamentary republic;Prime minister;77.88;73.25;82.73;1330000;1340127;1326062;1322766;5707;19568;37951;40757
Eswatini;Kingdom of Eswatini;SZ;SWZ;1748811945;Africa;Southern Africa;17364;UN member state;1968;Absolute monarchy;King;59.69;57.62;61.81;1032000;1055506;1201671;1210822;1739;4438;4791;4868
Ethiopia;Federal Democratic Republic of Ethiopia;ET;ETH;1231824991;Africa;Eastern Africa;1104300;UN member state;900;Parliamentary republic;Prime minister;68.25;66.12;70.44;77431000;83483000;123379925;126527060;8167;26887;118968;159747
Falkland Islands;Falkland Islands;FK;FLK;1238780509;Americas;South America;12173;United Kingdom;;Constitutional monarchy;Prime minister;;;;3000;;3780;3791;;;;
Faroe Islands;Faroe Islands;FO;FRO;1234904517;Europe;Northern Europe;1393;Denmark;;Constitutional monarchy;Prime minister;81.26;78.73;83.97;47000;;53090;53270;;;;
Federated States of Micronesia;Federated States of Micronesia;FM;FSM;1583008885;Oceania;Micronesia;702;UN member state;1986;Assembly-independent republic;President;74.44;72.34;76.66;110000;102624;114164;115224;230;291;430;460
Fiji;Republic of Fiji;FJ;FJI;1242615095;Oceania;Melanesia;18272;UN member state;1970;Parliamentary republic;Prime minister;74.27;71.6;77.07;848000;850700;929766;936376;1824;3402;4980;5497
Finland;Republic of Finland;FI;FIN;1246177997;Europe;Northern Europe;338424;UN member state;1917;Parliamentary republic;Prime minister;81.76;78.86;84.79;5249000;5351427;5540746;5545475;126075;249628;282109;300499
France;French Republic;FR;FRA;1250015082;Europe;Western Europe;551695;UN member state;481;Semi-presidential republic;President;82.59;79.53;85.79;58921000;62791013;64626628;64756584;1366243;2647348;2780433;3031778
French Guiana;Guiana;GF;GUF;1254304969;Americas;South America;83534;France;;Semi-presidential republic;President;;;;187000;232223;304557;312155;;;;
French Polynesia;French Polynesia;PF;PYF;1258907380;Oceania;Polynesia;4167;France;;Semi-presidential republic;President;78.43;76.11;80.86;257000;267000;306279;308872;;;;
French Southern and Antarctic Lands;Territory of the French Southern and Antarctic Lands;TF;ATF;;Antarctica;;7747;France;;Semi-presidential republic;President;;;;;;;;;;;
Gabon;Gabonese Republic;GA;GAB;1266952885;Africa;Middle Africa;267668;UN member state;1960;Military junta;President;69.7;67.98;71.48;1384000;1501266;2388993;2436567;5397;14384;21076;20524
Gambia;Republic of the Gambia;GM;GMB;1270723713;Africa;Western Africa;10689;UN member state;1965;Presidential republic;President;67.6;65.83;69.41;1517000;1750732;2705992;2773168;1010;1543;2161;2362
Georgia;Georgia;GE;GEO;1268203191;Asia;Western Asia;69700;UN member state;1918;Parliamentary republic;Prime minister;77.5;73.45;81.74;4474000;4436391;3744386;3728282;3144;12425;24985;30536
Germany;Federal Republic of Germany;DE;DEU;1276451290;Europe;Western Europe;357114;UN member state;1867;Parliamentary republic;Chancellor;81.51;79.15;84.0;82000000;81802257;83369843;83294633;1948843;3402444;4085681;4457366
Ghana;Republic of Ghana;GH;GHA;1288299415;Africa;Western Africa;238533;UN member state;1957;Presidential republic;President;69.37;67.7;71.09;22113000;24223431;33475870;34121985;11470;43327;72243;76277
Gibraltar;Gibraltar;GI;GIB;1292385245;Europe;Southern Europe;6;United Kingdom;;Constitutional monarchy;Prime minister;80.42;77.58;83.41;28000;;32649;32688;;;;
Greece;Hellenic Republic;GR;GRC;1300715560;Europe;Southern Europe;131990;UN member state;1822;Parliamentary republic;Prime minister;81.49;78.96;84.2;11120000;11305118;10384971;10341277;132198;297368;217753;238275
Greenland;Greenland;GL;GRL;1304028354;Americas;Northern America;2166086;Denmark;;Constitutional monarchy;Prime minister;73.98;71.28;76.82;57000;;56466;56643;;;;
Grenada;Grenada;GD;GRD;1308891766;Americas;Caribbean;344;UN member state;1974;Constitutional monarchy;Prime minister;75.74;73.13;78.6;103000;109553;125438;126184;520;771;1231;1328
Guadeloupe;Guadeloupe;GP;GLP;1312938008;Americas;Caribbean;1628;France;;Semi-presidential republic;President;;;;448000;404394;395753;395839;;;;
Guam;Guam;GU;GUM;1316937540;Oceania;Micronesia;549;United States;;Presidential republic;President;77.5;75.07;80.08;170000;180865;171775;172952;;;;
Guatemala;Republic of Guatemala;GT;GTM;1320197916;Americas;Central America;108889;UN member state;1839;Presidential republic;President;72.91;70.88;75.04;12884000;14361666;17843908;18092026;18124;41493;95004;102036
Guernsey;Bailiwick of Guernsey;GG;GGY;1831991870;Europe;Northern Europe;78;United Kingdom;;Constitutional monarchy;Prime minister;83.23;80.52;86.07;62101;;63302;63544;;;;
Guinea;Republic of Guinea;GN;GIN;1324568159;Africa;Western Africa;245857;UN member state;1958;Military junta;President;63.9;62.04;65.82;9402000;10323755;13859341;14190612;4039;6858;19589;23005
Guinea-Bissau;Republic of Guinea-Bissau;GW;GNB;1624168850;Africa;Western Africa;36125;UN member state;1973;Semi-presidential republic;President;63.68;61.45;65.99;1586000;1647380;2105566;2150842;392;941;1718;1969
Guyana;Co-operative Republic of Guyana;GY;GUY;1328160906;Americas;South America;214969;UN member state;1966;Parliamentary republic;President;71.87;70.03;73.8;751000;761442;808726;813834;1497;2889;14529;17050
Haiti;Republic of Haiti;HT;HTI;1332401940;Americas;Caribbean;27750;UN member state;1804;Semi-presidential republic;President;65.95;63.26;68.67;8528000;9855000;11584996;11724764;6810;11852;19826;21533
Heard Island and McDonald Islands;Heard Island and McDonald Islands;HM;HMD;;Antarctica;;412;Australia;;Constitutional monarchy;Prime minister;;;;0;0;0;0;;;;
Honduras;Republic of Honduras;HN;HND;1340344059;Americas;Central America;112492;UN member state;1898;Presidential republic;President;75.17;71.63;78.82;7205000;8045990;10432860;10593798;7104;15839;31716;34886
Hong Kong;Hong Kong Special Administrative Region of the People's Republic of China;HK;HKG;1344982653;Asia;Eastern Asia;1104;China;;One-party state;Party secretary;83.61;80.91;86.46;7041000;7024200;7488865;7491609;171643;228639;358696;376969
Hungary;Hungary;HU;HUN;1348611435;Europe;Eastern Europe;93028;UN member state;895;Parliamentary republic;Prime minister;77.2;73.55;81.06;10098000;10014324;9967308;9604000;47218;132175;178121;212610
Iceland;Iceland;IS;ISL;1352327190;Europe;Northern Europe;103000;UN member state;1918;Parliamentary republic;Prime minister;83.64;81.41;85.97;295000;317630;372899;375319;9026;13751;28702;31020
India;Republic of India;IN;IND;1356215164;Asia;Southern Asia;3287590;UN member state;1947;Parliamentary republic;Prime minister;67.22;65.46;69.16;1040000000;1182105564;1417173173;1428627663;468396;1675615;3353471;3572078
Indonesia;Republic of Indonesia;ID;IDN;1360771077;Asia;South-eastern Asia;1904569;UN member state;1945;Presidential republic;President;73.08;70.86;75.4;206264595;237641326;275501339;277534123;179482;755094;1319076;1371171
Iran;Islamic Republic of Iran;IR;IRN;1364305026;Asia;Southern Asia;1648195;UN member state;1501;Presidential republic;Supreme leader;75.25;73.89;76.67;69515000;74733230;88550570;89172767;366917;517899;347446;403526
Iraq;Republic of Iraq;IQ;IRQ;1368596238;Asia;Western Asia;438317;UN member state;1932;Parliamentary republic;Prime minister;73.18;71.3;75.15;28807000;32481000;44496122;45504560;25857;138517;261369;254416
Ireland;Republic of Ireland;IE;IRL;1372595407;Europe;Northern Europe;70273;UN member state;1931;Parliamentary republic;Prime minister;81.66;79.35;84.1;4148000;4467854;5023109;5056935;100253;222096;533559;545787
Isle of Man;Isle of Man;IM;IMN;1833688345;Europe;Northern Europe;572;United Kingdom;;Constitutional monarchy;Prime minister;82.04;80.23;84.0;77000;;84520;84710;;;;
Israel;State of Israel;IL;ISR;1376261644;Asia;Western Asia;20770;UN member state;1948;Parliamentary republic;Prime minister;83.35;81.45;85.34;6725000;7623600;9038309;9174520;136228;238913;525003;509478
Italy;Italian Republic;IT;ITA;1380382862;Europe;Southern Europe;301336;UN member state;1003;Parliamentary republic;Prime minister;82.59;80.25;85.08;57620000;60340328;59037474;58870763;1147185;2137844;2068598;2255503
Jamaica;Jamaica;JM;JAM;1388709177;Americas;Caribbean;10991;UN member state;1962;Constitutional monarchy;Prime minister;75.75;73.98;77.6;2651000;2701200;2827377;2825544;9065;13193;17003;18884
Japan;Japan;JP;JPN;1392685764;Asia;Eastern Asia;377930;UN member state;539;Constitutional monarchy;Prime minister;84.83;81.92;87.9;127000000;128056000;123951692;123294513;4968360;5759072;4256410;4212944
Jersey;Bailiwick of Jersey;JE;JEY;1832490253;Europe;Northern Europe;116;United Kingdom;;Constitutional monarchy;Prime minister;82.63;80.13;85.28;87186;;110779;111803;;;;
Jordan;Hashemite Kingdom of Jordan;JO;JOR;1400522593;Asia;Western Asia;89342;UN member state;1946;Semi-constitutional monarchy;King;76.01;74.51;77.6;5703000;6113000;11285869;11337053;8725;27134;48722;50989
Kazakhstan;Republic of Kazakhstan;KZ;KAZ;1398516045;Asia;Central Asia;2724900;UN member state;1991;Semi-presidential republic;President;72.53;67.43;77.31;14825000;16442000;19397998;19606634;18292;148047;225529;260510
Kenya;Republic of Kenya;KE;KEN;1404000661;Africa;Eastern Africa;580367;UN member state;1963;Presidential republic;President;69.69;67.98;71.43;34256000;40862900;54027487;55100587;18206;45406;113701;108923
Kiribati;Independent and Sovereign Republic of Kiribati;KI;KIR;1296152641;Oceania;Micronesia;811;UN member state;1979;Parliamentary republic;President;67.9;65.3;70.64;99000;100835;131232;133515;75;166;271;279
Kosovo;Republic of Kosovo;XK;UNK;1901760068;Europe;Southern Europe;10908;;2008;Parliamentary republic;Prime minister;71.12;68.83;73.58;;2208107;1659714;1663595;2217;5348;9355;10477
Kuwait;State of Kuwait;KW;KWT;1414102075;Asia;Western Asia;17818;UN member state;1752;Semi-constitutional monarchy;Emir;79.13;77.67;80.65;2687000;3566437;4268873;4310108;37714;115401;182846;161784
Kyrgyzstan;Kyrgyz Republic;KG;KGZ;1417191971;Asia;Central Asia;199951;UN member state;1991;Presidential republic;President;72.35;68.27;76.71;5264000;5418300;6630623;6735348;1368;4794;11672;12775
Laos;Lao People's Democratic Republic;LA;LAO;1418732714;Asia;South-eastern Asia;236800;UN member state;1953;One-party state;Party secretary;68.15;66.49;69.88;5924000;6230200;7529475;7633779;1720;7506;15121;15197
Latvia;Republic of Latvia;LV;LVA;1428586192;Europe;Northern Europe;64559;UN member state;1918;Parliamentary republic;Prime minister;75.91;71.47;80.56;2377383;2248374;1850651;1830212;7963;23998;40454;43598
Lebanon;Lebanese Republic;LB;LBN;1422847713;Asia;Western Asia;10452;UN member state;1943;Parliamentary republic;Prime minister;78.76;77.36;80.23;3577000;3785655;5489740;5353930;17018;38444;21780;
Lesotho;Kingdom of Lesotho;LS;LSO;1426977668;Africa;Southern Africa;30355;UN member state;1966;Constitutional monarchy;Prime minister;59.57;57.57;61.64;1795000;1891830;2305826;2330318;922;2356;2325;2249
Liberia;Republic of Liberia;LR;LBR;1430477826;Africa;Western Africa;111369;UN member state;1847;Presidential republic;President;65.45;63.19;67.78;3283000;4101767;5302681;5418377;863;1966;3974;4390
Libya;State of Libya;LY;LBY;1434201852;Africa;Northern Africa;1759540;UN member state;1951;Provisional government;Prime minister;77.18;74.94;79.53;5853000;6545619;6812341;6888388;39498;75381;43289;45011
Liechtenstein;Principality of Liechtenstein;LI;LIE;1438317747;Europe;Western Europe;160;UN member state;1719;Semi-constitutional monarchy;Prince;82.56;80.33;85.38;35000;;39327;39585;;;;
Lithuania;Republic of Lithuania;LT;LTU;1440887149;Europe;Northern Europe;65300;UN member state;1918;Semi-presidential republic;Prime minister;75.78;70.42;81.44;3431000;3329039;2750055;2718352;11525;37195;71030;77926
Luxembourg;Grand Duchy of Luxembourg;LU;LUX;1442262731;Europe;Western Europe;2586;UN member state;1815;Constitutional monarchy;Prime minister;82.98;80.52;85.58;465000;502066;647599;654768;21240;56260;81706;85780
Macau;Macao Special Administrative Region of the People's Republic of China;MO;MAC;1446227359;Asia;Eastern Asia;30;China;;One-party state;Party secretary;84.98;82.09;88.02;460000;552300;695169;704150;;28242;24464;47061
Madagascar;Republic of Madagascar;MG;MDG;1450978461;Africa;Eastern Africa;587041;UN member state;1960;Semi-presidential republic;President;68.17;66.8;69.57;18606000;20146442;29611714;30325732;4629;9983;15285;15753
Malawi;Republic of Malawi;MW;MWI;1454688499;Africa;Eastern Africa;118484;UN member state;1964;Presidential republic;President;72.44;69.33;75.59;12599000;13947592;20405317;20931751;4257;9796;12522;13127
Malaysia;Malaysia;MY;MYS;1458988644;Asia;South-eastern Asia;330803;UN member state;1957;Constitutional monarchy;Prime minister;76.13;74.5;77.87;25347000;28334135;33938222;34308525;102149;258640;407027;415569
Maldives;Republic of the Maldives;MV;MDV;1462441685;Asia;Southern Asia;300;UN member state;1965;Presidential republic;President;76.94;74.57;79.42;329000;319738;521021;523787;801;2588;6238;6685
Mali;Republic of Mali;ML;MLI;1466965925;Africa;Western Africa;1240192;UN member state;1960;Military junta;President;62.41;60.19;64.7;13518000;15370000;22593591;23293699;2963;10698;18724;20684
Malta;Republic of Malta;MT;MLT;1470574399;Europe;Southern Europe;316;UN member state;1964;Parliamentary republic;Prime minister;83.2;81.11;85.38;402000;414372;533286;535065;4075;9043;18372;20963
Marshall Islands;Republic of the Marshall Islands;MH;MHL;1584000000;Oceania;Micronesia;181;UN member state;1986;Parliamentary republic;President;74.65;72.4;77.01;62000;;41569;41996;115;160;259;284
Martinique;Martinique;MQ;MTQ;1474969110;Americas;Caribbean;1128;France;;Semi-presidential republic;President;;;;396000;399637;367507;366981;;;;
Mauritania;Islamic Republic of Mauritania;MR;MRT;1478414984;Africa;Western Africa;1030700;UN member state;1960;Semi-presidential republic;President;65.22;62.77;67.75;3069000;3217383;4736139;4862989;1780;5637;9799;10543
Mauritius;Republic of Mauritius;MU;MUS;1480131261;Africa;Eastern Africa;2040;UN member state;1968;Parliamentary republic;Prime minister;74.86;72.04;77.88;1245000;1283415;1299469;1300557;4935;10138;12949;14371
Mayotte;Department of Mayotte;YT;MYT;1175099654;Africa;Eastern Africa;374;France;;Semi-presidential republic;President;;;;160265;202000;326101;335995;;;;
Mexico;United Mexican States;MX;MEX;1484247881;Americas;Northern America;1964375;UN member state;1810;Presidential republic;President;72.32;68.93;75.88;100500000;112336538;127504126;128455567;742061;1105424;1463324;1788897
Moldova;Republic of Moldova;MD;MDA;1498011437;Europe;Eastern Europe;33846;UN member state;1991;Parliamentary republic;Prime minister;72.44;68.6;76.52;4206000;3563695;3272996;3435931;1315;6977;14550;17052
Monaco;Principality of Monaco;MC;MCO;1492854256;Europe;Western Europe;2.02;UN member state;1861;Semi-constitutional monarchy;Prince;89.52;85.7;93.49;35000;;36469;36298;;;;
Mongolia;Mongolia;MN;MNG;1496024767;Asia;Eastern Asia;1564110;UN member state;1911;Semi-presidential republic;Prime minister;71.37;67.19;75.76;2646000;2780800;3398366;3447157;1137;7185;17146;19862
Montenegro;Montenegro;ME;MNE;1499454516;Europe;Southern Europe;13812;UN member state;2006;Parliamentary republic;Prime minister;77.75;75.32;80.27;620145;616411;627083;626485;966;4146;6243;7406
Montserrat;Montserrat;MS;MSR;1500971198;Americas;Caribbean;102;United Kingdom;;Constitutional monarchy;Prime minister;75.7;76.66;74.7;4000;;4390;4387;;;;
Morocco;Kingdom of Morocco;MA;MAR;1504023252;Africa;Northern Africa;446550;UN member state;788;Semi-constitutional monarchy;King;73.68;71.98;75.46;31478000;31894000;37457971;37840044;42053;100881;130913;143963
Mozambique;Republic of Mozambique;MZ;MOZ;1508074843;Africa;Eastern Africa;801590;UN member state;1975;Semi-presidential republic;President;57.1;55.76;58.49;19043000;22416881;32969519;33897354;5931;11412;18407;21353
Myanmar;Republic of the Union of Myanmar;MM;MMR;1104838105;Asia;South-eastern Asia;676578;UN member state;1948;Military junta;President;69.92;68.27;71.67;50519000;59780000;54179306;54577997;7261;35748;61766;64496
Namibia;Republic of Namibia;NA;NAM;1516802003;Africa;Southern Africa;825615;UN member state;1990;Semi-presidential republic;President;66.47;64.46;68.53;2031000;2212037;2567013;2604172;3941;11281;12602;12327
Nauru;Republic of Nauru;NR;NRU;1520790128;Oceania;Micronesia;21;UN member state;1968;Parliamentary republic;President;67.93;64.38;71.62;13500;;12668;12780;;48;154;154
Nepal;Federal Democratic Republic of Nepal;NP;NPL;1524589448;Asia;Southern Asia;147181;UN member state;1559;Parliamentary republic;Prime minister;72.4;71.66;73.17;27133000;28043744;30547580;30896590;6537;18253;40828;41015
Netherlands;Kingdom of the Netherlands;NL;NLD;1528799905;Europe;Western Europe;41850;UN member state;1581;Constitutional monarchy;Prime minister;82.16;79.93;84.49;16299000;16574989;17564014;17618299;417664;848073;1010193;1117101
New Caledonia;New Caledonia;NC;NCL;1540958092;Oceania;Melanesia;18575;France;;Semi-presidential republic;President;78.83;74.93;82.92;237000;248000;289951;292991;;;;
New Zealand;New Zealand;NZ;NZL;1554772152;Oceania;Australia and New Zealand;270467;UN member state;1947;Constitutional monarchy;Prime minister;82.54;80.78;84.39;4028000;4367800;5185289;5228100;54127;145360;242350;249040
Nicaragua;Republic of Nicaragua;NI;NIC;1558296252;Americas;Central America;130373;UN member state;1898;Presidential republic;President;74.78;72.56;77.11;5487000;5822265;6948392;7046311;5109;8759;15671;17412
Niger;Republic of Niger;NE;NER;1562932886;Africa;Western Africa;1267000;UN member state;1960;Military junta;President;60.09;58.55;61.68;13957000;15203822;26207977;27202843;2235;7838;15448;16528
Nigeria;Federal Republic of Nigeria;NG;NGA;1566342270;Africa;Western Africa;923768;UN member state;1960;Presidential republic;President;61.33;59.51;63.27;119000000;158258917;218541212;223804632;67824;369062;477376;374947
Niue;Niue;NU;NIU;1570882835;Oceania;Polynesia;260;New Zealand;1974;Constitutional monarchy;Prime minister;;;;2100;;1934;1935;;;;
Norfolk Island;Territory of Norfolk Island;NF;NFK;1574121434;Oceania;Australia and New Zealand;36;Australia;;Constitutional monarchy;Prime minister;;;;;;2188;;;;;
North Korea;Democratic People's Republic of Korea;KP;PRK;1408738594;Asia;Eastern Asia;120538;UN member state;1948;One-party state;Party secretary;71.77;67.88;75.88;22894384;24325701;26069417;26160822;;;;
North Macedonia;Republic of North Macedonia;MK;MKD;1807600615;Europe;Southern Europe;25713;UN member state;1991;Parliamentary republic;Prime minister;76.84;74.73;79.08;2034000;2052722;2093599;2085679;3774;9415;13735;14769
Northern Mariana Islands;Commonwealth of the Northern Mariana Islands;MP;MNP;1580556972;Oceania;Micronesia;464;United States;;Presidential republic;President;76.58;74.48;79.03;81000;;49551;49796;;;;
Norway;Kingdom of Norway;NO;NOR;1578324706;Europe;Northern Europe;323802;UN member state;872;Constitutional monarchy;Prime minister;82.55;80.42;84.79;4620000;4858199;5434319;5474360;171456;431052;593727;485513
Oman;Sultanate of Oman;OM;OMN;1512035506;Asia;Western Asia;309500;UN member state;1626;Absolute monarchy;Sultan;76.9;74.96;78.93;2567000;2773479;4576298;4644384;22259;64994;114667;109133
Pakistan;Islamic Republic of Pakistan;PK;PAK;1586306717;Asia;Southern Asia;881912;UN member state;1947;Parliamentary republic;Prime minister;69.67;67.62;71.82;140000000;173510000;235824862;240485658;99421;196712;374748;338237
Palau;Republic of Palau;PW;PLW;1585525081;Oceania;Micronesia;459;UN member state;1994;Presidential republic;President;74.64;71.48;78.0;20000;;18055;18058;150;184;246;267
Palestine;State of Palestine;PS;PSE;1934604374;Asia;Western Asia;6220;UN observer state;1988;Semi-presidential republic;President;75.4;73.65;77.25;3702000;4048403;5250072;5371230;4314;9682;19166;18602
Panama;Republic of Panama;PA;PAN;1591672475;Americas;Central America;75417;UN member state;1903;Presidential republic;President;77.62;74.76;80.66;3232000;3504483;4408581;4468087;12958;30513;76523;83382
Papua New Guinea;Independent State of Papua New Guinea;PG;PNG;1598685395;Oceania;Melanesia;462840;UN member state;1975;Constitutional monarchy;Prime minister;69.43;67.76;71.19;5887000;6744955;10142619;10329931;5169;14251;31610;30998
Paraguay;Republic of Paraguay;PY;PRY;1600057911;Americas;South America;406752;UN member state;1845;Presidential republic;President;78.37;75.72;81.15;5300000;6459727;6780744;6861524;8856;27129;41953;43871
Peru;Republic of Peru;PE;PER;1604728603;Americas;South America;1285216;UN member state;1821;Semi-presidential republic;President;68.94;65.38;72.67;27968000;29461933;34049589;34352719;50414;148991;245008;267585
Philippines;Republic of the Philippines;PH;PHL;1608618140;Asia;South-eastern Asia;342353;UN member state;1946;Presidential republic;President;70.14;66.6;73.86;76506928;92337852;115559009;117337368;83667;208369;404284;436622
Pitcairn Islands;Pitcairn Group of Islands;PN;PCN;1612000000;Oceania;Polynesia;47;United Kingdom;;Constitutional monarchy;Prime minister;;;;67;;47;;;;;
Poland;Republic of Poland;PL;POL;1616024847;Europe;Eastern Europe;312679;UN member state;1911;Parliamentary republic;Prime minister;78.76;75.02;82.73;38530000;38167329;39857146;41026068;171613;475697;688250;808435
Portugal;Portuguese Republic;PT;PRT;1620619017;Europe;Southern Europe;92090;UN member state;1139;Semi-presidential republic;Prime minister;81.5;78.37;84.79;10419000;10637713;10270865;10247605;118658;238308;255398;287421
Puerto Rico;Commonwealth of Puerto Rico;PR;PRI;1630035577;Americas;Caribbean;8870;United States;;Presidential republic;President;81.68;78.47;85.08;3955000;3721978;3252407;3260314;61702;98381;113435;115799
Qatar;State of Qatar;QA;QAT;1634459660;Asia;Western Asia;11586;UN member state;1971;Semi-constitutional monarchy;Emir;79.81;77.7;81.96;813000;1699435;2695122;2716391;18085;119707;236258;234218
Republic of the Congo;Republic of the Congo;CG;COG;1178340306;Africa;Middle Africa;342000;UN member state;1960;Semi-presidential republic;President;62.1;60.65;63.61;3999000;3758678;5970424;6106869;3624;13159;13961;14423
Réunion;Réunion Island;RE;REU;1638024662;Africa;Eastern Africa;2511;France;;Semi-presidential republic;President;;;;785000;828054;974052;981796;;;;
Romania;Romania;RO;ROU;1642414442;Europe;Eastern Europe;238391;UN member state;1878;Semi-presidential republic;Prime minister;75.75;72.3;79.4;21711000;21462186;19659267;19892812;37447;170294;301273;345894
Russia;Russian Federation;RU;RUS;1643318494;Europe;Eastern Europe;17098242;UN member state;1471;Semi-presidential republic;President;72.44;66.92;78.3;147000000;142849472;144713314;144444359;278264;1633111;2272262;1997030
Rwanda;Republic of Rwanda;RW;RWA;1646923541;Africa;Eastern Africa;26338;UN member state;1962;Presidential republic;President;65.85;63.89;67.86;9038000;10412820;13776698;14094683;2049;6124;13309;14020
Saint Barthélemy;Collectivity of Saint Barthélemy;BL;BLM;1652681565;Americas;Caribbean;21;France;;Semi-presidential republic;President;80.58;77.48;83.81;;;10967;10994;;;;
Saint Helena, Ascension and Tristan da Cunha;Saint Helena, Ascension and Tristan da Cunha;SH;SHN;1654761576;Africa;Western Africa;394;United Kingdom;;Constitutional monarchy;Prime minister;80.48;77.58;83.51;5000;;5374;5314;;;;
Saint Kitts and Nevis;Federation of Saint Christopher and Nevis;KN;KNA;1659198919;Americas;Caribbean;261;UN member state;1963;Constitutional monarchy;Prime minister;77.08;74.63;79.58;43000;;47658;47755;421;779;973;1068
Saint Lucia;Saint Lucia;LC;LCA;1662922505;Americas;Caribbean;616;UN member state;1979;Constitutional monarchy;Prime minister;78.95;76.21;81.84;161000;174000;179858;180251;932;1463;2297;2464
Saint Martin;Saint Martin;MF;MAF;1663133172;Americas;Caribbean;53;France;;Semi-presidential republic;President;80.58;77.48;83.81;;;31791;32077;;;;
Saint Pierre and Miquelon;Saint Pierre and Miquelon;PM;SPM;1666340272;Americas;Northern America;242;France;;Semi-presidential republic;President;81.41;79.05;83.9;6000;;5862;5840;;;;
Saint Vincent and the Grenadines;Saint Vincent and the Grenadines;VC;VCT;1670376659;Americas;Caribbean;389;UN member state;1979;Constitutional monarchy;Prime minister;76.68;74.63;78.79;119000;109284;103948;103699;428;720;947;1041
Samoa;Independent State of Samoa;WS;WSM;1882489296;Oceania;Polynesia;2842;UN member state;1962;Parliamentary republic;Prime minister;75.19;72.28;78.25;185000;183123;222382;225681;271;680;833;934
San Marino;Republic of San Marino;SM;SMR;1674741947;Europe;Southern Europe;61;UN member state;1243;Parliamentary republic;Regent;83.86;81.3;86.65;28000;;33661;33642;1008;1883;1788;1954
São Tomé and Príncipe;Democratic Republic of São Tomé and Príncipe;ST;STP;1678301324;Africa;Middle Africa;964;UN member state;1975;Semi-presidential republic;Prime minister;67.06;65.44;68.72;157000;165397;227380;231856;77;191;548;656
Saudi Arabia;Kingdom of Saudi Arabia;SA;SAU;1682999334;Asia;Western Asia;2149690;UN member state;1902;Absolute monarchy;King;76.65;75.07;78.32;24573000;27136977;36408820;36947025;189514;528206;1108572;1067583
Senegal;Republic of Senegal;SN;SEN;1686604760;Africa;Western Africa;196722;UN member state;1960;Presidential republic;President;69.96;68.23;71.77;11658000;12509434;17316449;17763163;6016;16134;27744;31407
Serbia;Republic of Serbia;RS;SRB;1688374696;Europe;Southern Europe;88361;UN member state;1878;Parliamentary republic;Prime minister;74.17;71.5;77.0;;7291436;7221366;7149077;9790;41369;63563;75187
Seychelles;Republic of Seychelles;SC;SYC;1690193579;Africa;Eastern Africa;452;UN member state;1976;Presidential republic;President;76.1;71.67;80.66;81000;;107119;107660;615;970;2058;2153
Sierra Leone;Republic of Sierra Leone;SL;SLE;1694085071;Africa;Western Africa;71740;UN member state;1961;Presidential republic;President;58.76;57.16;60.41;5525000;5835664;8605718;8791092;941;2578;4095;3906
Singapore;Republic of Singapore;SG;SGP;1702341327;Asia;South-eastern Asia;710;UN member state;1965;Parliamentary republic;Prime minister;86.35;83.65;89.2;4326000;5076700;5975689;6014723;96077;239808;498475;501428
Sint Maarten;Sint Maarten;SX;SXM;1534859858;Americas;Caribbean;34;Netherlands;;Constitutional monarchy;Prime minister;79.26;76.91;81.73;;;44175;44222;;;;
Slovakia;Slovak Republic;SK;SVK;1703195001;Europe;Eastern Europe;49037;UN member state;1993;Parliamentary republic;Prime minister;78.31;74.83;82.04;5401000;5424925;5643453;5795199;20730;91237;115553;132122
Slovenia;Republic of Slovenia;SI;SVN;1705917455;Europe;Southern Europe;20273;UN member state;1991;Parliamentary republic;Prime minister;81.82;78.96;84.79;1967000;2046976;2119844;2119675;20393;48248;60111;68236
Solomon Islands;Solomon Islands;SB;SLB;1090737486;Oceania;Melanesia;28896;UN member state;1978;Constitutional monarchy;Prime minister;76.7;74.05;79.49;478000;530669;724273;740425;420;847;1560;1631
Somalia;Federal Republic of Somalia;SO;SOM;1706893395;Africa;Eastern Africa;637657;UN member state;1960;Parliamentary republic;Prime minister;55.72;53.39;58.12;8228000;9358602;17597511;18143379;;;10420;11680
South Africa;Republic of South Africa;ZA;ZAF;1710176249;Africa;Southern Africa;1221037;UN member state;1931;Parliamentary republic;President;65.32;63.99;66.68;45000000;49991300;59893886;60414495;151855;417315;405106;377676
South Georgia;South Georgia and the South Sandwich Islands;GS;SGS;1239048838;Antarctica;;3903;United Kingdom;;Constitutional monarchy;Prime minister;;;;0;0;0;0;;;;
South Korea;Republic of Korea;KR;KOR;1410836482;Asia;Eastern Asia;100210;UN member state;1948;Presidential republic;President;82.97;79.88;86.24;47817000;49410366;51815810;51784059;576483;1143568;1673917;1712793
South Sudan;Republic of South Sudan;SS;SSD;1728444337;Africa;Eastern Africa;619745;UN member state;2011;Provisional government;President;59.16;57.43;60.97;;;10913164;11088796;;;8037;7295
Spain;Kingdom of Spain;ES;ESP;1724616994;Europe;Southern Europe;505992;UN member state;542;Constitutional monarchy;Prime minister;82.55;79.84;85.4;43064000;45989016;47558630;47519628;598628;1423270;1418916;1581151
Sri Lanka;Democratic Socialist Republic of Sri Lanka;LK;LKA;1144239330;Asia;Southern Asia;65610;UN member state;1948;Semi-presidential republic;President;78.0;74.57;81.56;19792000;20653000;21832143;21893579;20007;58643;74846;
Sudan;Republic of the Sudan;SD;SDN;1729268475;Africa;Northern Africa;1886068;UN member state;1956;Military junta;Council;67.12;64.89;69.46;36233000;42338426;46874204;48109006;13134;65716;33762;25716
Suriname;Republic of Suriname;SR;SUR;1740518660;Americas;South America;163820;UN member state;1975;Assembly-independent republic;President;72.42;68.81;76.27;449000;531170;618041;623237;1355;4677;3631;3751
Svalbard and Jan Mayen;Svalbard og Jan Mayen;SJ;SJM;1930654114;Europe;Northern Europe;62045;Norway;;Constitutional monarchy;Prime minister;;;;2701;;;;;;;
Sweden;Kingdom of Sweden;SE;SWE;1752425602;Europe;Northern Europe;450295;UN member state;970;Constitutional monarchy;Prime minister;82.7;80.94;84.58;9041000;9340682;10549347;10612086;262834;495813;590410;593268
Switzerland;Swiss Confederation;CH;CHE;1756374318;Europe;Western Europe;41284;UN member state;1648;Assembly-independent republic;Council;83.23;80.91;85.67;7252000;7785806;8740472;8796669;279240;598165;818643;885141
Syria;Syrian Arab Republic;SY;SYR;1760685964;Asia;Western Asia;185180;UN member state;1946;Presidential republic;President;74.28;72.82;75.84;19743000;20619000;22125249;23227014;19861;60043;;
Taiwan;Republic of China (Taiwan);TW;TWN;1158881289;Asia;Eastern Asia;36193;;1912;Semi-presidential republic;President;81.16;78.17;84.34;22488000;23162120;23893395;23923277;330680;444281;760907;756592
Tajikistan;Republic of Tajikistan;TJ;TJK;1762930616;Asia;Central Asia;143100;UN member state;1991;Presidential republic;President;69.36;66.2;72.69;6507000;7616400;9952787;10143543;991;5642;10493;11855
Tanzania;United Republic of Tanzania;TZ;TZA;1834288497;Africa;Eastern Africa;945087;UN member state;1961;Presidential republic;President;70.19;68.42;72.02;38329000;43187823;65497748;67438106;12369;31860;74128;79447
Thailand;Kingdom of Thailand;TH;THA;1764068610;Asia;South-eastern Asia;513120;UN member state;1351;Constitutional monarchy;Prime minister;77.66;74.65;80.83;64233000;63878267;71697030;71801279;126392;341105;495646;514945
Timor-Leste;Democratic Republic of Timor-Leste;TL;TLS;1626308942;Asia;South-eastern Asia;14874;UN member state;1975;Semi-presidential republic;Prime minister;69.92;68.25;71.7;947000;1149028;1341296;1360596;367;882;3205;2338
Togo;Togolese Republic;TG;TGO;1768409132;Africa;Western Africa;56785;UN member state;1960;Presidential republic;President;71.36;68.76;74.03;6145000;6191155;8848699;9053799;2014;4750;8144;9055
Tokelau;Tokelau;TK;TKL;;Oceania;Polynesia;12;New Zealand;;Constitutional monarchy;Prime minister;;;;1000;;1871;1893;;;;
Tonga;Kingdom of Tonga;TO;TON;1776737461;Oceania;Polynesia;747;UN member state;1970;Semi-constitutional monarchy;Prime minister;77.53;75.89;79.23;102000;103365;106858;107773;203;367;498;547
Trinidad and Tobago;Republic of Trinidad and Tobago;TT;TTO;1780670676;Americas;Caribbean;5130;UN member state;1962;Parliamentary republic;Prime minister;75.94;74.02;77.93;1305000;1317714;1531045;1534937;8295;22522;30053;28142
Tunisia;Tunisian Republic;TN;TUN;1788742103;Africa;Northern Africa;163610;UN member state;1956;Semi-presidential republic;President;76.82;75.14;78.6;10102000;10547100;12356117;12458223;22524;46210;46265;51283
Turkey;Republic of Turkey;TR;TUR;1792572891;Asia;Western Asia;783562;UN member state;1299;Presidential republic;President;76.21;73.84;78.7;73193000;73722988;85341241;85816199;274321;776558;905841;1108453
Turkmenistan;Turkmenistan;TM;TKM;1795049992;Asia;Central Asia;488100;UN member state;1991;Presidential republic;President;71.83;68.8;75.0;4833000;5479800;6430771;6516100;8587;35164;77963;77106
Turks and Caicos Islands;Turks and Caicos Islands;TC;TCA;1796965313;Americas;Caribbean;948;United Kingdom;;Constitutional monarchy;Prime minister;80.82;78.07;83.71;26000;;45703;46062;;;;
Tuvalu;Tuvalu;TV;TUV;1798251391;Oceania;Polynesia;26;UN member state;1978;Constitutional monarchy;Prime minister;68.38;65.96;70.92;10000;;11312;11396;15;32;59;62
Uganda;Republic of Uganda;UG;UGA;1800406299;Africa;Eastern Africa;241550;UN member state;1962;Presidential republic;President;68.96;66.71;71.27;28816000;31784600;47249585;48582334;7756;24683;47567;51819
Ukraine;Ukraine;UA;UKR;1804382913;Europe;Eastern Europe;603500;UN member state;1917;Semi-presidential republic;President;73.45;68.8;78.39;49429800;45782592;39701739;36744634;32331;136011;160521;177198
United Arab Emirates;United Arab Emirates;AE;ARE;1784176710;Asia;Western Asia;83600;UN member state;1971;Semi-constitutional monarchy;President;79.56;78.21;80.99;4496000;8264070;9441129;9516871;102987;300189;507064;504173
United Kingdom;United Kingdom of Great Britain and Northern Ireland;GB;GBR;1826645935;Europe;Northern Europe;242900;UN member state;498;Constitutional monarchy;Prime minister;81.94;79.95;84.04;58459000;62026962;67508936;67736802;1668690;2487924;3100109;3344744
United States;United States of America;US;USA;1840006060;Americas;Northern America;9372610;UN member state;1776;Presidential republic;President;78.38;76.01;80.86;281421923;309349689;338289857;339996564;10250950;15048975;25744100;27357825
United States Minor Outlying Islands;United States Minor Outlying Islands;UM;UMI;1840006060;Americas;Northern America;34.2;United States;;Presidential republic;President;;;;;;;;;;;
United States Virgin Islands;Virgin Islands of the United States;VI;VIR;1850037473;Americas;Caribbean;347;United States;;Presidential republic;President;80.27;77.08;83.65;112000;106267;99465;98750;;;;
Uruguay;Oriental Republic of Uruguay;UY;URY;1858107000;Americas;South America;181034;UN member state;1825;Presidential republic;President;78.43;75.32;81.64;3463000;3356584;3422794;3423109;24892;43967;70165;77241
Uzbekistan;Republic of Uzbekistan;UZ;UZB;1860331871;Asia;Central Asia;447400;UN member state;1991;Presidential republic;President;75.29;72.27;78.5;26593000;28001400;34627653;35163944;17195;49772;81167;90882
Vanuatu;Republic of Vanuatu;VU;VUT;1548805075;Oceania;Melanesia;12189;UN member state;1980;Parliamentary republic;Prime minister;75.14;73.45;76.91;211000;245036;326741;334506;272;652;1039;1169
Vatican City;Vatican City State;VA;VAT;1336000000;Europe;Southern Europe;0.44;UN observer state;1929;Absolute monarchy;Sovereign;;;;783;;510;518;;;;
Venezuela;Bolivarian Republic of Venezuela;VE;VEN;1862748204;Americas;South America;916445;UN member state;1830;Presidential republic;President;73.29;70.12;76.62;26749000;28833845;28301696;28838499;117596;318281;92104;97116
Vietnam;Socialist Republic of Vietnam;VN;VNM;1704413791;Asia;South-eastern Asia;331212;UN member state;1945;One-party state;Party secretary;75.52;72.95;78.37;78758000;86932500;98186856;98858950;39585;143212;407965;433702
Wallis and Futuna;Territory of the Wallis and Futuna Islands;WF;WLF;1876784844;Oceania;Polynesia;142;France;;Semi-presidential republic;President;80.67;77.68;83.81;15000;;11573;11502;;;;
Western Sahara;Sahrawi Arab Democratic Republic;EH;ESH;1504999990;Africa;Northern Africa;266000;;;One-party state;Party secretary;;;;341000;530000;575986;587259;;;;
Yemen;Republic of Yemen;YE;YEM;1887750814;Asia;Western Asia;527968;UN member state;1918;Provisional government;Council;67.51;65.19;69.94;19975000;23153982;33696614;34449825;9679;30907;23534;18424
Zambia;Republic of Zambia;ZM;ZMB;1894157390;Africa;Eastern Africa;752612;UN member state;1964;Presidential republic;President;66.26;64.52;68.06;11668000;13257269;20017675;20569738;3601;20264;29122;28406
Zimbabwe;Republic of Zimbabwe;ZW;ZWE;1716196799;Africa;Eastern Africa;390757;UN member state;1965;Presidential republic;President;63.32;61.18;65.52;13010000;12644041;16320537;16665409;11340;12042;31291;32216
